cameraLocation,cameraNumber,cameraProject,Location 1
Eutaw and Lexington Market,1,Downtown,"(39.290996, -76.621073999999993)"
Eutaw and Fayette,2,Downtown,"(39.29048796517317, -76.623665143680341)"
Eutaw and Baltimore,3,Downtown,"(39.289324000000001, -76.620985000000005)"
Eutaw and Redwood,4,Downtown,"(39.288677999999997, -76.620947999999999)"
Eutaw and Lombard,5,Downtown,"(39.287528000000002, -76.620853999999994)"
Eutaw and Camden,6,Downtown,"(39.285245000000003, -76.620675000000006)"
Paca and Pratt,7,Downtown,"(39.286256999999999, -76.622129000000001)"
Greene and Lombard,8,Downtown,"(39.287415000000003, -76.623615999999998)"
Greene and Baltimore,9,Downtown,"(39.289222000000002, -76.623694999999998)"
Greene and Fayette,10,Downtown,"(39.290332999999997, -76.623777000000004)"
Greene and Lexington,11,Downtown,"(39.291376999999997, -76.623836999999995)"
Paca and Fayette,12,Downtown,"(39.290370000000003, -76.622411)"
S Howard St and W Lombard St,13,Downtown,"(39.289645356378202, -76.624159236676732)"
S Howard St and W Pratt St,14,Downtown,"(39.286315000000002, -76.619369000000006)"
S Howard St and W Camden St,15,Downtown,"(39.285302000000001, -76.619282999999996)"
S Hanover and W Pratt St,16,Downtown,"(39.286451999999997, -76.616191000000001)"
Hopkins Pl and W Lombard St,17,Downtown,"(39.287667999999996, -76.617692000000005)"
Park Ave and W Baltimore St,18,Downtown,"(39.289383999999998, -76.617789999999999)"
S Howard St and W Baltimore St,19,Downtown,"(39.289386, -76.619479999999996)"
N Howard St and W Fayette St,20,Downtown,"(39.290447, -76.619489999999999)"
N Howard St and W Lexington St,21,Downtown,"(39.291601999999997, -76.619664)"
Park Ave and W Lexington St,22,Downtown,"(39.291581000000001, -76.618020000000001)"
N Liberty St and W Lexington St,23,Downtown,"(39.291670000000003, -76.617084000000006)"
N Liberty St and W Fayette St,24,Downtown,"(39.290450999999997, -76.617673999999994)"
Park Ave and W Fayette St,25,Downtown,"(39.290500999999999, -76.617985000000004)"
N Liberty St and Clay St,26,Downtown,"(39.291982411793313, -76.617325843424382)"
Cathedral St and W Saratoga St,27,Downtown,"(39.293019000000001, -76.616776999999999)"
Cathedral St and W Mulberry St,28,Downtown,"(39.294052999999998, -76.616793000000001)"
N Charles St and E Mulberry St,29,Downtown,"(39.294150999999999, -76.615488999999997)"
Cathedral St and W Franklin St,30,Downtown,"(39.295048000000001, -76.616872000000001)"
Park Ave and W Franklin St,31,Downtown,"(39.295011000000002, -76.618324000000001)"
Park Ave and W Mulberry St,32,Downtown,"(39.294016999999997, -76.618223999999998)"
Park Ave and W Saratoga St,33,Downtown,"(39.292954000000002, -76.618157999999994)"
N Howard St and W Saratoga St,34,Downtown,"(39.292895999999999, -76.619658999999999)"
N Howard St and W Mulberry St,35,Downtown,"(39.293987000000001, -76.619772999999995)"
N Howard St and W Franklin St,36,Downtown,"(39.295446379148409, -76.620445568838903)"
N Howard St and W Centre St,37,Downtown,"(39.296208999999998, -76.619917000000001)"
N Eutaw St and George St,38,Downtown,"(39.295789999999997, -76.621317000000005)"
S Paca St and W Baltimore St,39,Downtown,"(39.289278000000003, -76.622330000000005)"
N Eutaw St and W Saratoga,40,Downtown,"(39.292830000000002, -76.621144999999999)"
N Paca St and W Saratoga St,41,Downtown,"(39.292822000000001, -76.622539000000003)"
N Paca St and W Mulberry St,42,Downtown,"(39.293837000000003, -76.622570999999994)"
N Paca St and W Lexington St,43,Downtown,"(39.291428000000003, -76.622440999999995)"
N Greene St and W Franklin St,44,Downtown,"(39.294792000000001, -76.623951000000005)"
N Greene St and W Saratoga St,45,Downtown,"(39.292839999999998, -76.623895000000005)"
N Eutaw St and W Franklin St,46,Downtown,"(39.294890000000002, -76.621260000000007)"
N Eutaw St and Druid Hill Ave,47,Downtown,"(39.296695865155179, -76.621270179748535)"
N Eutaw St and W Mulberry St,48,Downtown,"(39.293914999999998, -76.621199000000004)"
N Paca St and George St,49,Downtown,"(39.295791999999999, -76.622656000000006)"
Cathedral St and W Centre St,50,Downtown,"(39.296299405500001, -76.616957187699995)"
Center Plaza and ,51,Downtown,"(39.291321673796268, -76.616474390029907)"
Hopkins Plaza and ,52,Downtown,"(39.288789080651917, -76.616270542144775)"
Charles and Baltimore,53,Downtown,"(39.289526000000002, -76.615144000000001)"
S Charles St and E Lombard St,54,Downtown,"(39.287744000000004, -76.614863)"
Saint Paul St and E Lexington St,55,Downtown,"(39.291170000000001, -76.613975999999994)"
Light St and E Redwood St,56,Downtown,"(39.288820219599998, -76.613717079200001)"
N Calvert St and E Fayette St,57,Downtown,"(39.290387000000003, -76.612448000000001)"
S Calvert St and E Redwood St,58,Downtown,"(39.288933, -76.612025000000003)"
S Calvert St and E Lombard St,59,Downtown,"(39.287824999999998, -76.612134999999995)"
Guilford Ave and E Lexington St,60,Downtown,"(39.291245000000004, -76.611114000000001)"
South St and E Baltimore St,61,Downtown,"(39.289701000000001, -76.611047999999997)"
South St and Water St,62,Downtown,"(39.288566000000003, -76.610961000000003)"
N Holiday St and E Saratoga St,63,Downtown,"(39.292495000000002, -76.610354999999998)"
N Holiday St and E Fayette St,64,Downtown,"(39.290497999999999, -76.610275999999999)"
CommerceSt and E Lombard St,65,Downtown,"(39.287849000000001, -76.610116000000005)"
CommerceSt and E Pratt St,66,Downtown,"(39.286662, -76.610022000000001)"
Custom House Ave and ,67,Downtown,"(39.289210493896313, -76.609755456447601)"
S Gay St and E Baltimore St,68,Downtown,"(39.289771999999999, -76.608945000000006)"
S Gay St and Water St,69,Downtown,"(39.288623999999999, -76.608832000000007)"
E Saratoga St and E Lexington St,70,Downtown,"(39.291377722, -76.607829630400005)"
Market Pl and E Lombard St,71,Downtown,"(39.287903999999997, -76.606943999999999)"
Pearl St and W Lexington St,72,Downtown,"(39.291325000000001, -76.624647999999993)"
N Greene St and W Mulberry St,73,Downtown,"(39.293779000000001, -76.623930000000001)"
Druid Hill Ave and Saint Mary St,74,Downtown,"(39.297505383100003, -76.622871458500001)"
Pennsylvania Ave and Saint Mary St,75,Downtown,"(39.295821990357901, -76.625062823295593)"
N Eutaw St and W Monument St,76,Downtown,"(39.297269, -76.621448000000001)"
Saratoga and Charles,77,Downtown,"(39.292327, -76.615414000000001)"
Saint Paul St and Franklin,78,Downtown,"(39.295109528266927, -76.613870884137015)"
Charles and Fayette,79,Downtown,"(39.290628181254959, -76.614485357323218)"
E Fayette St and N Broadway,201,Broadway,"(39.293968, -76.594116999999997)"
E Fairmount Ave and N Broadway,202,Broadway,"(39.292631999999998, -76.594029000000006)"
E Baltimore St and S Broadway,203,Broadway,"(39.291542, -76.593943999999993)"
E Baltimore St and S Ann St,204,Broadway,"(39.291615999999998, -76.591776999999993)"
E Baltimore St and S Washington St,205,Broadway,"(39.291747000000001, -76.589201000000003)"
E Lombard St and S Broadway,206,Broadway,"(39.290399000000001, -76.593868999999998)"
E Lombard St and S Ann St,207,Broadway,"(39.290498999999997, -76.591710000000006)"
E Lombard St and S Durham St,208,Broadway,"(39.290520000000001, -76.591047000000003)"
E Lombard St and S Chapel St,209,Broadway,"(39.290554999999998, -76.589748999999998)"
E Lombard St and S Washington St,210,Broadway,"(39.290573000000002, -76.589106000000001)"
E Pratt St and S Broadway,211,Broadway,"(39.289256999999999, -76.593802999999994)"
E Pratt St and N Bond St,212,Broadway,"(39.289139912544471, -76.595711410045624)"
Gough St and S Broadway,213,Broadway,"(39.287623000000004, -76.593704000000002)"
GoughSt and S Regester St,214,Broadway,"(39.287695999999997, -76.592432000000002)"
Bank St and S Broadway,215,Broadway,"(39.286608999999999, -76.593637999999999)"
Bank St and S Bond St,216,Broadway,"(39.286512000000002, -76.595439999999996)"
Bank St and Caroline St,217,Broadway,"(39.286467999999999, -76.596843000000007)"
Eastern Ave and S Broadway,218,Broadway,"(39.285578000000001, -76.593557000000004)"
Eastern Ave and S Ann St,219,Broadway,"(39.285685999999998, -76.591406000000006)"
Fleet St and S Broadway,220,Broadway,"(39.284603873545841, -76.59356564283371)"
Fleet St and S Broadway St (East),221,Broadway,"(39.284564000000003, -76.593260000000001)"
Fleet St and S Ann St,222,Broadway,"(39.284725999999999, -76.591352999999998)"
Fleet St and S Caroline St,223,Broadway,"(39.284424999999999, -76.596723999999995)"
Fleet St and S Eden St,224,Broadway,"(39.284345999999999, -76.598245000000006)"
S Broadway and Aliceanna St (East),225,Broadway,"(39.283534695712298, -76.593184769153595)"
Aliceanna and Broadway (West),226,Broadway,"(39.283388308477349, -76.5944198688385)"
ThamesSt and S Broadway,227,Broadway,"(39.281841, -76.593125000000001)"
2708 Berea Rd (rear),301,Cherry Hill,"(39.250638607403452, -76.632866403297797)"
1312 Shellbanks (rear),302,Cherry Hill,"(39.251197184331552, -76.631438758982554)"
Berea Rd and Slater Rd,303,Cherry Hill,"(39.250115999999998, -76.633009999999999)"
2711 Berea Rd. (rear),304,Cherry Hill,"(39.250272000000002, -76.632756000000001)"
ShellbanksRd and Blyden Rd,305,Cherry Hill,"(39.250484, -76.631866000000002)"
1301 Slater Rd. (rear),306,Cherry Hill,"(39.249631000000001, -76.632949999999994)"
Bldg1200 (rear),307,Cherry Hill,"(39.250543061206614, -76.631404906511307)"
Fisk Rd and Slater Rd,308,Cherry Hill,"(39.248756, -76.632199999999997)"
1201 Slater Rd (rear),309,Cherry Hill,"(39.249011000000003, -76.631996999999998)"
Giles Rd and Shellbanks Rd,310,Cherry Hill,"(39.249721000000001, -76.630346000000003)"
2701 Giles Rd (rear) and Shellbanks,311,Cherry Hill,"(39.249428669638661, -76.629800209298963)"
Sethlow Rd and Slater Rd,312,Cherry Hill,"(39.248398000000002, -76.630831000000001)"
Spelman Rd and Woodview Rd,313,Cherry Hill,"(39.248578999999999, -76.629266000000001)"
Woodview Rd and Round Rd,314,Cherry Hill,"(39.248612000000001, -76.628517000000002)"
Community Center (rear),315,Cherry Hill,"(39.248153355084071, -76.629756689071655)"
Community Center (rear),316,Cherry Hill,"(39.247172308883442, -76.629873686328978)"
Spelman Rd and Claflin Ct,317,Cherry Hill,"(39.247048999999997, -76.628801999999993)"
2822 Round Rd,318,Cherry Hill,"(39.246384231202612, -76.627666172059293)"
Spelman Rd and S Denham Cir,319,Cherry Hill,"(39.245922537637647, -76.62829926966279)"
2810 Denham Cr (side),320,Cherry Hill,"(39.245531977693837, -76.628935317859728)"
2822 Denham Cr (rear),321,Cherry Hill,"(39.244515154168433, -76.628793776035309)"
2824 N Denham Cir,322,Cherry Hill,"(39.244607999999999, -76.628546999999998)"
2820 Spelman Rd,323,Cherry Hill,"(39.244870362228532, -76.627979725599289)"
Bridgeview Rd and Spelman Rd,324,Cherry Hill,"(39.24516942056394, -76.627357222537825)"
2917 S Denham Cir (rear),325,Cherry Hill,"(39.244194490124123, -76.627524631997332)"
2901 Denham Cir (side),326,Cherry Hill,"(39.244337638991567, -76.626670767401492)"
3301 Round Rd,327,Cherry Hill,"(39.244914000000001, -76.62585)"
911 Coppin Court (rear),328,Cherry Hill,"(39.245027999999998, -76.624986000000007)"
Coppin Ct and Bunche Rd,329,Cherry Hill,"(39.245410999999997, -76.624342999999996)"
Bethune Rd and Bunche Rd,330,Cherry Hill,"(39.245061, -76.623825999999994)"
3411 Round Rd (rear),331,Cherry Hill,"(39.244008002869499, -76.62424372659882)"
3401 Round Rd,332,Cherry Hill,"(39.244001683321713, -76.624478718517977)"
BethuneRd and Spelman Rd,333,Cherry Hill,"(39.243617999999998, -76.626069000000001)"
1019 Bethune Rd (rear),334,Cherry Hill,"(39.242728, -76.626791999999995)"
3430 Spelman Rd,335,Cherry Hill,"(39.242838999999996, -76.625677999999994)"
3456 Spelman Rd,336,Cherry Hill,"(39.242624999999997, -76.625282999999996)"
3446 Spelman Rd(ParkingLot),337,Cherry Hill,"(39.242224999999998, -76.625502999999995)"
Spellman Rd LLC#7076,338,Cherry Hill,"(39.242505390473198, -76.623955070972443)"
3486 Spelman Rd,339,Cherry Hill,"(39.242170774792697, -76.62413024444065)"
Seagull Ave UMBC (rear),340,Cherry Hill,"(39.242914618344123, -76.622294783592224)"
Seagull Ave LLC#7076,341,Cherry Hill,"(39.243299999999998, -76.622775000000004)"
835 Seagull Ave (rear),342,Cherry Hill,"(39.244501652072167, -76.620795428752899)"
835 Seagull Ave,343,Cherry Hill,"(39.244782999999998, -76.621161000000001)"
Seagull Ave and Bethune Rd,344,Cherry Hill,"(39.245257000000002, -76.620875999999996)"
Carver Rd School,345,Cherry Hill,"(39.246365955380391, -76.624683290719986)"
Carver Rd and Bridgeview Rd,346,Cherry Hill,"(39.246813000000003, -76.625399999999999)"
2805 Carver Rd (rear),347,Cherry Hill,"(39.247805999999997, -76.625636)"
2627 Carver Rd,348,Cherry Hill,"(39.247836, -76.626255999999998)"
2609 Carver Rd,349,Cherry Hill,"(39.248641999999997, -76.625821999999999)"
2615 Carver Rd (circle),350,Cherry Hill,"(39.248449999999998, -76.625321999999997)"
Carver Rd Rec Center,351,Cherry Hill,"(39.246398470557722, -76.624347830690354)"
Maint Backyard 1,352,Cherry Hill,"(39.248239556242559, -76.630860418081284)"
Maint Backyard 2,353,Cherry Hill,"(39.248008993870499, -76.630664616823196)"
Community Center (rear),354,Cherry Hill,"(39.24849608195489, -76.629692316055298)"
Maint Garage Doors,355,Cherry Hill,"(39.247959142447137, -76.631044149398804)"
Community Center 2 (rear),356,Cherry Hill,"(39.248111812319252, -76.6305211186409)"
Eastern Ave and S Macon St,401,Greektown,"(39.287016000000001, -76.557327000000001)"
Eastern Ave and Oldham St,402,Greektown,"(39.287050000000001, -76.555809999999994)"
Eastern Ave and S Lehigh St,403,Greektown,"(39.287142000000003, -76.558053000000001)"
Eastern Ave and S Newkirk St,404,Greektown,"(39.287033999999998, -76.556591999999995)"
Eastern Ave and S Ponca St,405,Greektown,"(39.287101999999997, -76.554980999999998)"
Guilford Ave and E 28th St,501,Greenmount,"(39.32208, -76.613155000000006)"
Greenmount Ave and E 28th St,502,Greenmount,"(39.322150000000001, -76.609508000000005)"
Greenmount Ave and E 27th St,503,Greenmount,"(39.320922000000003, -76.609532000000002)"
Barclay St and E 27th St,504,Greenmount,"(39.320880000000002, -76.611146000000005)"
Barclay St and Whitridge Ave,505,Greenmount,"(39.321522999999999, -76.611159000000001)"
Greenmount Ave and E Lorraine Ave,506,Greenmount,"(39.320011999999998, -76.609532000000002)"
Guilford Ave and E 26th St,507,Greenmount,"(39.319519999999997, -76.612954000000002)"
Falls St Alley and E 25th St,508,Greenmount,"(39.318060000000003, -76.612168999999994)"
Greenmount Ave and E 25th St,509,Greenmount,"(39.318148000000001, -76.609463000000005)"
Boone St and E 24th St,510,Greenmount,"(39.316587576869253, -76.608768403530121)"
Cokesbury Ave and E 23rd St,511,Greenmount,"(39.316037000000001, -76.607444999999998)"
Brentwood Ave and E 24th St,512,Greenmount,"(39.316257, -76.610428999999996)"
Greenmount Ave and E 23rd St,513,Greenmount,"(39.315491000000002, -76.609523999999993)"
Guilford Ave and E 23rd St,514,Greenmount,"(39.315424, -76.612717000000004)"
E 23rd St and Boone St,515,Greenmount,"(39.315440000000002, -76.608204000000001)"
Greenmount Ave and E 22nd St,516,Greenmount,"(39.314506999999999, -76.609555999999998)"
HomewoodAve and E 22nd St,517,Greenmount,"(39.314627999999999, -76.607321999999996)"
BarclaySt and 21st1/2 St,518,Greenmount,"(39.314009206095243, -76.611210554838181)"
GuilfordAve and E 21st St,519,Greenmount,"(39.313395999999997, -76.612605000000002)"
BooneSt and E 21st St,520,Greenmount,"(39.313540000000003, -76.608453999999995)"
Greenmount Ave and Worsley St,521,Greenmount,"(39.312736999999998, -76.609537000000003)"
Barclay St and E 20th St,522,Greenmount,"(39.312432000000001, -76.611052000000001)"
Barclay St and Heaver St,523,Greenmount,"(39.312016999999997, -76.61103)"
Greenmount Ave and E North Ave,524,Greenmount,"(39.311215950332382, -76.609618663787842)"
E North Ave and Guilford Ave,525,Greenmount,"(39.311306000000002, -76.611808999999994)"
N Calvert St and McAllister St,526,Greenmount,"(39.310576764688527, -76.613631248474121)"
Guilford Ave and E Lafayette Ave,527,Greenmount,"(39.310091, -76.612380000000002)"
Barclay St and E Lafayette Ave,528,Greenmount,"(39.310032999999997, -76.610892000000007)"
Barclay St and Pitman Pl,529,Greenmount,"(39.308463000000003, -76.610750999999993)"
Greenmount Ave and E Preston St,530,Greenmount,"(39.304839000000001, -76.608198999999999)"
Greenmount Ave and E Biddle St,531,Greenmount,"(39.303781999999998, -76.607929999999996)"
Greenmount Ave and E Chase St,532,Greenmount,"(39.302734000000001, -76.607641999999998)"
Greenmount Ave and E Eager St,533,Greenmount,"(39.301361, -76.607269000000002)"
Greenmount Ave and E 29th St,534,Greenmount,"(39.324668506886333, -76.612491308403833)"
Greenmount Ave and E 30th St,535,Greenmount,"(39.323561803873233, -76.608828638501038)"
Greenmount Ave and E 31st St,536,Greenmount,"(39.325619074558503, -76.608588963083704)"
Greenmount Ave and E 32nd St,537,Greenmount,"(39.327658005347253, -76.609099552615518)"
Greenmount Ave and E 33rd St,538,Greenmount,"(39.328971981558936, -76.609427388260741)"
E Monument St and N Chester St,601,Monument,"(39.298647000000003, -76.587868999999998)"
McElderry St and N Duncan St,602,Monument,"(39.297607091153168, -76.587149798870087)"
E Monument St and Collington,603,Monument,"(39.298690999999998, -76.586667000000006)"
E Madison St and N Mederia St,604,Monument,"(39.299697261790918, -76.585991084575653)"
E Monument St and N Patterson Park Ave,605,Monument,"(39.298669827220472, -76.584993302822113)"
McElderry St and N Bradford St,606,Monument,"(39.297621620856617, -76.584298610687256)"
E Monument St and N Montford Ave,607,Monument,"(39.298806999999996, -76.583720999999997)"
E Madison St and N Port,608,Monument,"(39.299892999999997, -76.583081000000007)"
E Monument St and N Milton Ave,609,Monument,"(39.298861000000002, -76.582318999999998)"
McElderry St and N Rose St,610,Monument,"(39.297810506700003, -76.581468880200006)"
E Monument St and N Luzerne Ave,611,Monument,"(39.298915000000001, -76.580905000000001)"
E Madison St and N Glover St,612,Monument,"(39.299996999999998, -76.580263000000002)"
E Monument St and N Lakewood Ave,613,Monument,"(39.298966, -76.579492999999999)"
McElderry St and N Belnord Ave,614,Monument,"(39.297950614048887, -76.578631103038788)"
E Monument St and N Kenwood Ave,615,Monument,"(39.299028999999997, -76.578085000000002)"
E Madison St and N Streeper St,616,Monument,"(39.300113000000003, -76.577437000000003)"
McElderry St and N Linwood Ave,617,Monument,"(39.297907025134357, -76.57646656036377)"
E Monument St and N Curley St,618,Monument,"(39.299112000000001, -76.575962000000004)"
McElderry St and N Potomac St,619,Monument,"(39.298065813192402, -76.575066447257996)"
E Monument St and Decker,620,Monument,"(39.299093256600003, -76.574417352699996)"
E Madison St and N Ellwood Ave,621,Monument,"(39.300243000000002, -76.573908000000003)"
E Monument St and N Robinson St,622,Monument,"(39.299225, -76.573121)"
E Madison St and N Curley St,623,Monument,"(39.300151, -76.576040000000006)"
McElderry St and N Robinson St,624,Monument,"(39.298040905285539, -76.573086977005005)"
Milton St and E Biddle St,625,Monument,"(39.304777000000001, -76.582694000000004)"
Montford St and Ashland Ave,626,Monument,"(39.300884552380921, -76.584317046748225)"
N Collington St and E Jefferson St,627,Monument,"(39.296416312853111, -76.586668586782082)"
E Jefferson St and N Glover St,628,Monument,"(39.296763545127817, -76.579963795700948)"
Thomas Ave and Presbury St,701,North Ave West,"(39.307524000000001, -76.658071000000007)"
Thomas Ave and Westwood Ave,702,North Ave West,"(39.308432000000003, -76.658114999999995)"
W North Ave and Thomas Ave,703,North Ave West,"(39.309430999999996, -76.658180000000002)"
N Warwick Ave and Westwood Ave,704,North Ave West,"(39.308489000000002, -76.657154000000006)"
Moreland Ave and Westwood Ave,705,North Ave West,"(39.308514000000002, -76.655912000000001)"
W North Ave and Moreland Ave,706,North Ave West,"(39.309508000000001, -76.655994000000007)"
N Bentalou St and Westwood Ave,707,North Ave West,"(39.308598000000003, -76.654071000000002)"
N Smallwood St and Westwood Ave,708,North Ave West,"(39.308666000000002, -76.652665999999996)"
W North Ave and N Smallwood St,709,North Ave West,"(39.309612999999999, -76.652711999999994)"
N Smallwood St and Ridgehill Ave,710,North Ave West,"(39.311245, -76.652804000000003)"
N Pulaski St and Westwood Ave,711,North Ave West,"(39.308694000000003, -76.651258999999996)"
W North Ave and N Pulaski St,712,North Ave West,"(39.30968, -76.651338999999993)"
N Pulaski St and Herbert St,713,North Ave West,"(39.310218999999996, -76.651375999999999)"
N Pulaski St and Walbrook Ave,714,North Ave West,"(39.310763000000001, -76.651397000000003)"
W North Ave and N Payson St,715,North Ave West,"(39.309730000000002, -76.649921000000006)"
N Payson St and Herbert St,716,North Ave West,"(39.310392, -76.649955000000006)"
N Payson St and Walbrook Ave,717,North Ave West,"(39.310831, -76.649987999999993)"
N Payson St and Ridgehill Ave,718,North Ave West,"(39.311579999999999, -76.650011000000006)"
Appleton St and Westwood Ave,719,North Ave West,"(39.308785, -76.648995999999997)"
N Monroe St and Westwood Ave,720,North Ave West,"(39.308812000000003, -76.648123999999996)"
W North Ave and N Monroe St,721,North Ave West,"(39.309812999999998, -76.648179999999996)"
N Monroe St and Walbrook Ave,722,North Ave West,"(39.310882999999997, -76.648236999999995)"
N Fulton Ave and Westwood Ave,723,North Ave West,"(39.308852999999999, -76.646458999999993)"
W North Ave and N Fulton Ave,724,North Ave West,"(39.309888999999998, -76.646518)"
N Fulton Ave and Walbrook Ave,725,North Ave West,"(39.310847589188782, -76.646633148193359)"
N Mount St and Westwood Ave,726,North Ave West,"(39.308892999999998, -76.644946000000004)"
W North Ave and N Carey St,727,North Ave West,"(39.310023999999999, -76.643720000000002)"
W North Ave and Pennsylvania Ave,728,North Ave West,"(39.309890878794228, -76.642392575740814)"
Cumberland St and N Calhoun St,729,North Ave West,"(39.308031, -76.643488888899995)"
Cumberland St and Pennsylvania Ave,730,North Ave West,"(39.309211212161479, -76.641625463962555)"
W North Ave and Division St,731,North Ave West,"(39.310153, -76.640912)"
Whitelock St and Woodbrook Ave,732,North Ave West,"(39.310515000000002, -76.641210000000001)"
Etting St and Whitelock St,733,North Ave West,"(39.310861000000003, -76.640703999999999)"
Whitelock St and Francis St,734,North Ave West,"(39.311185000000002, -76.640141)"
Druid Hill Ave and Whitelock St,735,North Ave West,"(39.311560444069663, -76.639295965433121)"
W North and Bentalou St,737,North Ave West,"(39.309501617701322, -76.653885044455293)"
W North Ave and McCulloh St,742,North Ave West,"(39.310319, -76.636985999999993)"
Reisterstown Rd and Keyworth Ave,801,Park Heights,"(39.33267, -76.663122000000001)"
Reisterstown Rd and Shirley Ave,802,Park Heights,"(39.333872999999997, -76.664030999999994)"
Towonda Ave and Oswego Ave,803,Park Heights,"(39.334465470898927, -76.665989309549332)"
Reisterstown Rd and Grantley Ave,804,Park Heights,"(39.337570999999997, -76.666883999999996)"
Boarman Ave and Willowdale Ave,805,Park Heights,"(39.337273000000003, -76.669476000000003)"
Park Heights Ave and W Garrison Ave,806,Park Heights,"(39.347399273677432, -76.673582643270493)"
Reisterstown Rd and Laporte St,807,Park Heights,"(39.339444999999998, -76.668406000000004)"
Reisterstown Rd and St Ambrose Ave,808,Park Heights,"(39.340273013265822, -76.671485155820847)"
W Belvedere Ave and Litchfield Ave,809,Park Heights,"(39.346305000000001, -76.680280999999994)"
Park Heights Ave and Woodland,810,Park Heights,"(39.345194999999997, -76.671400000000006)"
W Garrison Ave and Denmore Ave,811,Park Heights,"(39.346727999999999, -76.674801000000002)"
W Garrison Ave and Palmer Ave,812,Park Heights,"(39.348089000000002, -76.672387000000001)"
Pimlico Rd and Sumter Ave,813,Park Heights,"(39.342396999999998, -76.666713999999999)"
Pimlico Rd and W Cold Spring Ln,814,Park Heights,"(39.340200408998818, -76.665105521678925)"
Quantico Ave and Pimlico Rd,815,Park Heights,"(39.337417000000002, -76.662932999999995)"
Pimlico Rd and Loyola Northway,816,Park Heights,"(39.338539825106103, -76.663619577884674)"
Pimlico Rd and Rosewood Ave,817,Park Heights,"(39.338999000000001, -76.663973999999996)"
Winner Ave and Avondale Ave,818,Park Heights,"(39.352872860050837, -76.677682399749756)"
Park Heights Ave and Hayward Ave,819,Park Heights,"(39.350004414106863, -76.678873300552368)"
Park Heights Ave and Rogers,820,Park Heights,"(39.351854502630033, -76.683323085308075)"
Park Heights Ave and Manhattan Ave,821,Park Heights,"(39.353014931138532, -76.685236841440201)"
Park Heights Ave and Glen Ave,822,Park Heights,"(39.355662378191383, -76.688167154788971)"
Park Heights Ave and Taney,823,Park Heights,"(39.357404474299997, -76.691223531999995)"
Park Heights Ave and W Strathmore Ave,824,Park Heights,"(39.358776344382562, -76.693901717662811)"
Park Heights Ave and Fords Ln,825,Park Heights,"(39.360161667345743, -76.696571856737137)"
Park Heights Ave and Clarks Ln,826,Park Heights,"(39.362361951686736, -76.699659079313278)"
Park Heights Ave and Fallstaff Rd,827,Park Heights,"(39.364946834328506, -76.702818721532822)"
Park Heights Ave and W Belvedere Ave,828,Park Heights,"(39.348869862497963, -76.675850450992584)"
Park Heights Ave and Virginia Ave,829,Park Heights,"(39.344110560038978, -76.67046993970871)"
Park Heights Ave and Wiley Ave,830,Park Heights,"(39.341017721250637, -76.667569130659103)"
Park Heights Ave and Oswego Ave,831,Park Heights,"(39.335630000000002, -76.66328)"
Park Heights Ave and Trainor Ave(JCC),832,Park Heights,"(39.353895350633891, -76.686284244060516)"
Park Heights Ave and Trainor Ave,833,Park Heights,"(39.354996637140353, -76.68757438659668)"
Park Heights Ave and Menlo Dr,834,Park Heights,"(39.356444252882831, -76.689694672822952)"
Park Heights Ave and Pinkney Rd,835,Park Heights,"(39.358184255604137, -76.692777872085571)"
Park Heights Ave and W Strathmore Ave,836,Park Heights,"(39.359001357541032, -76.694333553314209)"
Park Heights Ave and Bancroft Rd,837,Park Heights,"(39.360900978911133, -76.697849929332733)"
Park Heights Ave and NBancroft Rd,838,Park Heights,"(39.361738786766793, -76.698879897594452)"
3500 Northern Pkwy (E&T),839,Park Heights,"(39.353595258045338, -76.684169673767315)"
Park Heights Ave and Oakford Ave,840,Park Heights,"(39.340351364702592, -76.666938371828593)"
W North Ave and Bloomingdale Rd,901,Southwest District,"(39.308965000000001, -76.671139999999994)"
W North Ave and N Rosedale St,902,Southwest District,"(39.309002, -76.669337999999996)"
W North Ave and N Longwood St,903,Southwest District,"(39.309078999999997, -76.667563000000001)"
W North Ave and Poplar Grove St,904,Southwest District,"(39.309231965438812, -76.665668785572052)"
W North Ave and N Dukeland St,905,Southwest District,"(39.309212000000002, -76.664032000000006)"
W North Ave and Braddish Ave,906,Southwest District,"(39.309311000000001, -76.661154999999994)"
Westwood Ave (Dead End),907,Southwest District,"(39.308177691165163, -76.664770245552063)"
N Rosedale St and Grayson St,908,Southwest District,"(39.306477999999998, -76.669179)"
Poplar Grove St and Presbury St,909,Southwest District,"(39.307158682628923, -76.665568202733994)"
Baker St and N Dukeland St,910,Southwest District,"(39.306043000000003, -76.663825000000003)"
Bloomingdale Rd and Brighton St,911,Southwest District,"(39.305242, -76.667005000000003)"
Poplar Grove St and Pressman St,912,Southwest District,"(39.304660907503369, -76.665592342615128)"
Bloomingdale Rd and Belmont Ave,913,Southwest District,"(39.303537035276207, -76.666169017553329)"
N Rosedale St and Normount Ct,914,Southwest District,"(39.302957999999997, -76.668977999999996)"
Winchester St and N Longwood St,915,Southwest District,"(39.301316, -76.667342000000005)"
Bloomingdale Rd and Ellicott Driveway,916,Southwest District,"(39.302175496456357, -76.665651351213455)"
Ellicott Driveway and N Dukeland St,917,Southwest District,"(39.30243390029608, -76.66352704167366)"
Poplar Grove St and Riggs Ave,918,Southwest District,"(39.300189179671143, -76.665129661560059)"
Mosher St and N Dukeland St,919,Southwest District,"(39.299255000000002, -76.663437000000002)"
Poplar Grove St and W Lafayette Ave,920,Southwest District,"(39.297976559818473, -76.665206104516983)"
N Franklintown Rd and N Longwood St,921,Southwest District,"(39.296934999999998, -76.666835000000006)"
Poplar Grove St and Rayner Ave,922,Southwest District,"(39.296185241301409, -76.66509747505188)"
Poplar Grove St and Edmonson Ave,923,Southwest District,"(39.294520498647252, -76.664807796478271)"
Edmonson Ave and Braddish Ave,924,Southwest District,"(39.294743642883837, -76.659277081489563)"
Edmonson Ave and N Warwick Ave,925,Southwest District,"(39.294821483729272, -76.656215339899063)"
Edmonson Ave and Denison St,926,Southwest District,"(39.294188375675823, -76.674053370952606)"
Edmonson Ave and Swan Ave,927,Southwest District,"(39.293488836513561, -76.693826615810394)"
Edmonson Ave and N Loudon Ave,928,Southwest District,"(39.293879084741981, -76.682463437318802)"
Edmonson Ave and Allendale St,929,Southwest District,"(39.294061753378138, -76.678285896778107)"
N Rosedale St and Brighton St,930,Southwest District,"(39.304449753980592, -76.668744746696802)"
Riggs Ave and Dukeland St,931,Southwest District,"(39.30051054141488, -76.664808250587782)"
Riggs Ave and Braddish Ave,932,Southwest District,"(39.300825609370811, -76.664776017663257)"
W Pratt St and S Stricker St,1001,Tri-District,"(39.285454000000001, -76.640803000000005)"
McHenry St and Stricker St,1002,Tri-District,"(39.284448169100003, -76.640737652799999)"
S Stricker St and Ramsay St,1003,Tri-District,"(39.283346000000002, -76.640686000000002)"
S Parrish St and McHenry St,1004,Tri-District,"(39.284448169100003, -76.641437709300007)"
S Parrish St and Ramsay St,1005,Tri-District,"(39.283307999999998, -76.641401000000002)"
McHenry St and S Gilmor St,1006,Tri-District,"(39.284400419603813, -76.642113626003265)"
S Gilmor St and Ramsay St,1007,Tri-District,"(39.283275184067982, -76.642089486122131)"
W Pratt St and S Mount St,1008,Tri-District,"(39.285320109761699, -76.643621027469635)"
McHenry St and S Mount St,1009,Tri-District,"(39.284365126512903, -76.643553972244263)"
S Mount St and Ramsay St,1010,Tri-District,"(39.283258575290013, -76.643511056900024)"
W Pratt St and S Fulton Ave,1011,Tri-District,"(39.285251000000002, -76.645048000000003)"
S Fulton St and McHenry St,1012,Tri-District,"(39.284333985535561, -76.644980907440186)"
Wilhelm St and S Fulton Ave,1013,Tri-District,"(39.283769999999997, -76.644948999999997)"
Ramsay St and S Fulton Ave,1014,Tri-District,"(39.283206672833437, -76.644911170005798)"
McHenry St and S Addison St,1015,Tri-District,"(39.284306996677337, -76.645788252353668)"
W Pratt St and S Monroe St,1016,Tri-District,"(39.285175000000002, -76.646775000000005)"
S Monroe St and Wilhelm St,1017,Tri-District,"(39.283693999999997, -76.646686111099996)"
S Monroe St and Ramsay St,1018,Tri-District,"(39.283147, -76.646665999999996)"
S Payson St and McHenry St,1019,Tri-District,"(39.284199041140461, -76.648443639278412)"
S Payson St and Ramsay St,1020,Tri-District,"(39.283082, -76.648398999999998)"
S Payson St and Ashton St,1021,Tri-District,"(39.282814999999999, -76.648392999999999)"
S Pulaski St and McHenry,1022,Tri-District,"(39.284172052199999, -76.649824976900007)"
S Pulaski St and Wilhelm St,1023,Tri-District,"(39.283599054451308, -76.649784743785858)"
S Pulaski St and Ramsay St,1024,Tri-District,"(39.283009, -76.649782999999999)"
S Pulaski St and Ashton St,1025,Tri-District,"(39.282387, -76.649771999999999)"
S Smallwood St and Ramsay St,1026,Tri-District,"(39.28293, -76.651205000000004)"
Smallwood and Ashton,1027,Tri-District,"(39.281931999999998, -76.651190999999997)"
W Pratt St and S Carey St,1028,Tri-District,"(39.285587, -76.637984000000003)"
Lombard and Carrolton,1029,Tri-District,"(39.286544583008506, -76.63597502223854)"
Pennsylvania Ave and Baker St,1101,Pennsylvania Ave,"(39.308384151367143, -76.639434413067562)"
N Carey St and Baker St,1102,Pennsylvania Ave,"(39.307995475867422, -76.640250552088872)"
Pennsylvania Ave and Gold St,1103,Pennsylvania Ave,"(39.308384151367143, -76.639434413067562)"
Pennsylvania Ave and Bloom St,1104,Pennsylvania Ave,"(39.306656185290649, -76.637159267198228)"
N Fremont Ave and Presstman St,1105,Pennsylvania Ave,"(39.305111763845701, -76.635565546719363)"
Pennsylvania Ave and Presstman St,1106,Pennsylvania Ave,"(39.305111763845701, -76.635565546719363)"
Division St and Presstman St,1107,Pennsylvania Ave,"(39.306200443138053, -76.637228893298399)"
Division St and Robert St,1108,Pennsylvania Ave,"(39.305111763845701, -76.635565546719363)"
Pennsylvania Ave and Robert St,1109,Pennsylvania Ave,"(39.305111763845701, -76.635565546719363)"
N Fremont Ave and Robert St,1110,Pennsylvania Ave,"(39.305111763845701, -76.635565546719363)"
Division St and Laurens St,1111,Pennsylvania Ave,"(39.304809930868302, -76.635305211615744)"
Pennsylvania Ave and Wilson St,1112,Pennsylvania Ave,"(39.303867730110362, -76.633557722093968)"
Division St and Islamic Way,1113,Pennsylvania Ave,"(39.304445927259223, -76.634215355201974)"
Pennsylvania Ave and Pitcher St,1114,Pennsylvania Ave,"(39.302954543048138, -76.633127656544033)"
N Fremont Ave and Pitcher St,1115,Pennsylvania Ave,"(39.302954543048138, -76.633127656544033)"
Mosher St and Argyle St,1116,Pennsylvania Ave,"(39.300941237258101, -76.634892536297116)"
Pennsylvania Ave and Mosher St,1118,Pennsylvania Ave,"(39.302488779792881, -76.632307900736237)"
Pennsylvania Ave and Mosher St,1118,Pennsylvania Ave,"(39.30259353519579, -76.632023671107888)"
E North Ave and Aisquith,1201,North Ave East,"(39.311186242489399, -76.602505769708756)"
E North Ave and Harford,1202,North Ave East,"(39.311423565115909, -76.600006371216125)"
E North Ave and Broadway,1203,North Ave East,"(39.311777042255628, -76.595705091476162)"
E North Ave and Wolfe,1204,North Ave East,"(39.312000108351818, -76.592325794941374)"
E North Ave and Washington,1205,North Ave East,"(39.312068683352287, -76.591144511670251)"
E North Ave and Chester,1206,North Ave East,"(39.312186330473097, -76.589700361483551)"
E North Ave and Collington,1207,North Ave East,"(39.312229187516991, -76.588435452524962)"
E North Ave and Belair,1208,North Ave East,"(39.312303202574391, -76.584863648659635)"
E North Ave and Port,1209,North Ave East,"(39.312303202574391, -76.584863648659635)"
E North Ave and Milton,1210,North Ave East,"(39.312163957974143, -76.582876963743857)"
Harford and 20th,1301,Harford Rd,"(39.313487785992642, -76.599725928871052)"
Harford and Broadway,1302,Harford Rd,"(39.31416178941965, -76.59886228943266)"
Harford and Darley,1303,Harford Rd,"(39.315068290101223, -76.597804931181258)"
Harford and Cliftview,1304,Harford Rd,"(39.315982284515293, -76.596817593295881)"
Harford and 25th,1305,Harford Rd,"(39.316861084164962, -76.596463813589111)"
Harford (Harbor City School),1306,Harford Rd,"(39.318459689166879, -76.594697469018016)"
Harford and Montpelier,1307,Harford Rd,"(39.318459689166879, -76.594697469018016)"
Harford and Homestead,1308,Harford Rd,"(39.318459689166879, -76.594697469018016)"
Harford and Abbotston,1309,Harford Rd,"(39.320478594226863, -76.592769787424359)"
Harford and Alameda,1310,Harford Rd,"(39.320478594226863, -76.592769787424359)"
Harford and Tivoly,1311,Harford Rd,"(39.322129844480479, -76.591145882793526)"
Harford and Fenwick,1312,Harford Rd,"(39.322585972163317, -76.590789523428185)"
Harford and Hugo,1313,Harford Rd,"(39.323849590957131, -76.589829681328524)"
Belair and Ravenwood,1401,Belair Rd,"(39.31532303105417, -76.582190468824152)"
Belair and Elmora,1402,Belair Rd,"(39.316015002473243, -76.579655350693287)"
Belair and Lyndale,1403,Belair Rd,"(39.315646208380038, -76.579763307694563)"
Belair and Elmley,1404,Belair Rd,"(39.316651146669983, -76.578579370095468)"
Belair (across from shopping center),1405,Belair Rd,"(39.318271431784339, -76.577467734275231)"
Belair and Cliftmont,1406,Belair Rd,"(39.319629088210981, -76.576560273839576)"
Belair and Mareco,1407,Belair Rd,"(39.320451434005207, -76.575053714978438)"
Belair and Clifton Park Terrace,1408,Belair Rd,"(39.321314464994281, -76.574454905190024)"
Belair and Erdman,1409,Belair Rd,"(39.32177331358092, -76.573810873579617)"
Belair and Sheldon,1410,Belair Rd,"(39.328073611119592, -76.565013598755243)"
Rusty Scupper,1901,Inner Harbor,"(39.281919479606877, -76.60772904753685)"
Rash Field,1902,Inner Harbor,"(39.281859271602698, -76.609304845333099)"
Carousel,1903,Inner Harbor,"(39.281846814767782, -76.610000878572464)"
Science Center,1904,Inner Harbor,"(39.2820066773143, -76.611624956130981)"
Spirit Of Baltimore,1905,Inner Harbor,"(39.285747000000001, -76.610810000000001)"
Visitor Center,1906,Inner Harbor,"(39.284265475336689, -76.612484604120255)"
Light Street Food Hall,1907,Inner Harbor,"(39.285390694963333, -76.61190927028656)"
Constellation,1908,Inner Harbor,"(39.285951221980007, -76.611388921737671)"
Constellation Pier,1909,Inner Harbor,"(39.285254714584973, -76.610821634531021)"
Trade Center,1910,Inner Harbor,"(39.286001046386623, -76.610176563262939)"
Pier 5 Hotel,1911,Inner Harbor,"(39.283756836916083, -76.606008410453796)"
Pier 5 Lighthouse,1912,Inner Harbor,"(39.28337483665311, -76.605211794376373)"
Pier 6 Pavillion,1913,Inner Harbor,"(39.283760999999998, -76.604619999999997)"
Charles and Conway,1920,Federal Reserve,"(39.284298515827047, -76.614453475966073)"
Sharp and Conway,1921,Federal Reserve,"(39.283978495492491, -76.617647055555054)"
182 Hamburgst,1922,Federal Reserve,"(39.278279435050841, -76.61803074859877)"
Pratt and Sharp,1923,Federal Reserve,"(39.286162239365261, -76.618011900419958)"
Pratt and Light,1924,Federal Reserve,"(39.286269232737787, -76.613997565987503)"
NE Market FoodCt,1941,Northeast Market,"(39.298141, -76.587517)"
NE Market North,1942,Northeast Market,"(39.298141, -76.587517)"
NE Market South,1943,Northeast Market,"(39.298141, -76.587517)"
NE Market Middle,1944,Northeast Market,"(39.298141, -76.587517)"
McElderry & Chester,1945,Northeast Market,"(39.297525, -76.587779999999995)"
Avenue Market Front,1961,Avenue Market,"(39.303537, -76.635647)"
Avenue Market Middle,1962,Avenue Market,"(39.303537, -76.635647)"
Avenue Market Back,1963,Avenue Market,"(39.303537, -76.635647)"
Pennsylvania and  Laurens,1964,Avenue Market,"(39.304338999999999, -76.635589999999993)"
Fremont and Laurens,1965,Avenue Market,"(39.303421999999998, -76.636830000000003)"
Avenue Market Parking Lot,1966,Avenue Market,"(39.303664891386482, -76.634952407020364)"
Southwest Corner,1980,Hollins Market,"(39.287529, -76.635958)"
Northwest Corner,1981,Hollins Market,"(39.287529, -76.635958)"
Aisle Cam 1,1982,Hollins Market,"(39.287529, -76.635958)"
Aisle Cam 2,1983,Hollins Market,"(39.287529, -76.635958)"
Aisle Cam 3,1984,Hollins Market,"(39.287529, -76.635958)"
Hollins St and Carrollton,1985,Hollins Market,"(39.287618999999999, -76.636679999999998)"
Boyd St Side Entrance,1986,Hollins Market,"(39.287292560487053, -76.635222600479935)"
Arlington Ave East Entrance,1987,Hollins Market,"(39.287365569154261, -76.634676307072198)"
553 Dolphin St,2001,McCulloh,"(39.299709886899997, -76.628770388800007)"
569 Dolphin St,2002,McCulloh,"(39.2994741658, -76.628246647200001)"
520 Hoffman St,2003,McCulloh,"(39.299569032500003, -76.627819812599995)"
517 Dolphin St,2004,McCulloh,"(39.300194856899999, -76.628212820200005)"
534 Preston St,2005,McCulloh,"(39.2994445713, -76.627014840900003)"
503 Dolphin St,2006,McCulloh,"(39.300440885, -76.627710906700003)"
535 Hoffman St,2007,McCulloh,"(39.299036022700001, -76.627951580900003)"
570 Preston St,2008,McCulloh,"(39.298552511899999, -76.627312922300007)"
556 Preston St,2009,McCulloh,"(39.298862438299999, -76.626914038199999)"
516 Preston St,2010,McCulloh,"(39.299079561500001, -76.626522870900004)"
514 Preston St,2011,McCulloh,"(39.299364911700003, -76.626601136299996)"
1020 Druid Hill Rd,2012,McCulloh,"(39.299944205000003, -76.626479001500002)"
1135 Tiffany Ct,2013,McCulloh,"(39.302018245500001, -76.625956896399998)"
1101 Tiffany Ct,2014,McCulloh,"(39.301602996699998, -76.625438251999995)"
1035 Tiffany Ct,2015,McCulloh,"(39.300995861192078, -76.625379849189699)"
1001 Tiffany Ct,2016,McCulloh,"(39.300815108099997, -76.624463592400005)"
440 Oxford Ct,2017,McCulloh,"(39.300550491700001, -76.625118487500004)"
443 Manse Ct,2018,McCulloh,"(39.301373687800002, -76.626496719299993)"
1134 Stoddard Ct,2019,McCulloh,"(39.3011098319, -76.627157996400001)"
1100 Stoddard Ct,2020,McCulloh,"(39.300701899499998, -76.626653211600001)"
1034 Stoddard Ct,2021,McCulloh,"(39.300325881200003, -76.626190746999995)"
1000 Stoddard Ct,2022,McCulloh,"(39.299891022700002, -76.625654182000005)"
442 Walton Ct,2023,McCulloh,"(39.299978103100003, -76.624747493800001)"
900 Stoddard Ct,2024,McCulloh,"(39.2989138943, -76.624478359600005)"
1638 Bruce Ct (rear),2101,Gilmore,"(39.307301043898839, -76.644212532490343)"
1638 Bruce Ct,2102,Gilmore,"(39.307275671799999, -76.645597160999998)"
1600 Bruce Ct (rear),2103,Gilmore,"(39.307301043898839, -76.644212532490343)"
1605 Bruce Ct,2104,Gilmore,"(39.307301043898839, -76.644212532490343)"
1601 Bakbury Ct,2105,Gilmore,"(39.307427718714969, -76.643890288047984)"
1679 Bakbury Ct,2106,Gilmore,"(39.307862028199999, -76.645106384599998)"
1678 Mountmor Ct,2107,Gilmore,"(39.307759654714587, -76.642965181000818)"
1600 Mountmor Ct,2108,Gilmore,"(39.3068001197, -76.6447164386)"
1600 Vincent Ct,2109,Gilmore,"(39.306818836600002, -76.644299108799999)"
1606 Vincent Ct,2110,Gilmore,"(39.3074507205, -76.644448813099999)"
1679 Vincent Ct,2111,Gilmore,"(39.307471450870644, -76.643610028536614)"
1641 Vincent Ct,2112,Gilmore,"(39.307393215899999, -76.644124656900004)"
1600 Spray Ct,2113,Gilmore,"(39.30586749958497, -76.64405307738943)"
1605-2 Spray Ct,2114,Gilmore,"(39.305785955600001, -76.644515020499995)"
1601-8 Spray Ct,2115,Gilmore,"(39.305900989800001, -76.644091696100006)"
1500 Pressman Ct,2116,Gilmore,"(39.305455128600002, -76.643905963899996)"
1519 Presser Ct,2117,Gilmore,"(39.305726004100002, -76.643559925299996)"
Prestman St and Gilmor St,2118,Gilmore,"(39.305304986490292, -76.643798951040964)"
1638 Balmor Ct,2119,Gilmore,"(39.305191825999998, -76.644086363100001)"
1458 Mountmor Ct,2120,Gilmore,"(39.305247873799999, -76.6446301159)"
1428 Mountmor Ct,2121,Gilmore,"(39.304809059500002, -76.644510936000003)"
1629 Balmor Ct (rear),2122,Gilmore,"(39.305304986490292, -76.643798951040964)"
1401 Mountmor Ct,2123,Gilmore,"(39.3044347827, -76.644281285100007)"
1639 Booker Ct,2124,Gilmore,"(39.304472998199998, -76.644048334900006)"
1601 Booker Ct,2125,Gilmore,"(39.304574795999997, -76.643408585399996)"
1629 Lorman Ct,2126,Gilmore,"(39.304000985000002, -76.643863016300003)"
1631 Lorman Ct,2127,Gilmore,"(39.3040667402, -76.644225277199993)"
1649 Lorman Ct,2128,Gilmore,"(39.303959339698046, -76.643873696150877)"
1658 Delano Ct,2129,Gilmore,"(39.303491577820743, -76.643880475942325)"
1628 Delano Ct,2130,Gilmore,"(39.303760068300001, -76.643845530500002)"
1600 Delano Ct,2131,Gilmore,"(39.303491577820743, -76.643880475942325)"
1521 Mountmor Ct,2132,Gilmore,"(39.30729341320874, -76.644573904997316)"
800 Abbott Ct,2201,Latrobe,"(39.301252981099999, -76.606166438399995)"
856 Abbott Ct,2202,Latrobe,"(39.301329715000001, -76.6050176161)"
818 Webb Ct,2203,Latrobe,"(39.301008857200003, -76.605686922800004)"
800 McAleer Ct,2204,Latrobe,"(39.3002994414, -76.605957631400003)"
834 McAleer Ct,2205,Latrobe,"(39.300311914200002, -76.605297114799995)"
864 McAleer Ct,2206,Latrobe,"(39.300041873700003, -76.604740619899999)"
831 McAleer Ct,2207,Latrobe,"(39.299977143500001, -76.6052816304)"
859 Homewood Ave,2208,Latrobe,"(39.299950172099997, -76.605899537599996)"
820 Hillman Ct,2209,Latrobe,"(39.299387499600002, -76.605709727499999)"
819 Hillman Ct,2210,Latrobe,"(39.299349693300002, -76.606075805900005)"
819 Homewood Ave,2211,Latrobe,"(39.301308069100003, -76.604304248700004)"
916 Webb Ct,2212,Latrobe,"(39.300778553999997, -76.603732930299998)"
921 Webb Ct,2213,Latrobe,"(39.300437637400002, -76.604302853899995)"
922 Ashland Ct,2214,Latrobe,"(39.300222632100002, -76.603784759600003)"
859 McAleer Ct,2215,Latrobe,"(39.299822194800001, -76.604397336999995)"
943 Wilmot Ct,2216,Latrobe,"(39.299207368099999, -76.603901042800004)"
1000 Abbott Ct,2217,Latrobe,"(39.3013607878, -76.602739491299999)"
1101 Webb Ct,2218,Latrobe,"(39.300600819000003, -76.602714787799997)"
1000 Ashland Ct,2219,Latrobe,"(39.300271800099999, -76.602871424200004)"
1020 McAleer Ct,2220,Latrobe,"(39.299868547199999, -76.603117526099993)"
1001 McAleer Ct,2221,Latrobe,"(39.299715513499997, -76.603547252499993)"
1116 McAleer Ct,2222,Latrobe,"(39.300148589199999, -76.602135833000006)"
1130 McAleer Ct,2223,Latrobe,"(39.299909153199998, -76.602239340200001)"
1101 Wilmot Ct,2224,Latrobe,"(39.299287831299999, -76.602728710899996)"
901 Valley Ct,2225,Latrobe,"(39.300227999999997, -76.604705999999993)"
901 Valley Ct,2226,Latrobe,"(39.300227999999997, -76.604705999999993)"
901 McAleer Ct,2227,Latrobe,"(39.29965, -76.604635999999999)"
200 Spring Ct,2301,Perkins,"(39.288974239799998, -76.598313985600001)"
299 Spring Ct,2302,Perkins,"(39.287503727000001, -76.598044038200001)"
264 Ballou Ct,2303,Perkins,"(39.2880273743, -76.597513632100004)"
229 Ballou Ct,2304,Perkins,"(39.288607452299999, -76.597212806200005)"
269 Dallas Ct,2305,Perkins,"(39.288149116, -76.596439407899993)"
231 Mason Ct,2306,Perkins,"(39.288642230000001, -76.595773403099997)"
299 Mason Ct,2307,Perkins,"(39.2876245462, -76.595752986899996)"
295 Mason Ct,2308,Perkins,"(39.2876798677, -76.595630791100007)"
200 Herring Ct,2309,Perkins,"(39.289112821300002, -76.595016511099999)"
270 Herring Ct,2310,Perkins,"(39.2880371173, -76.595337532200006)"
299 Herring Ct,2311,Perkins,"(39.2876651606, -76.594826320099997)"
354 Spring Ct,2312,Perkins,"(39.286491394700001, -76.598156452799998)"
Community Building,2313,Perkins,"(39.286951707900002, -76.597738824900006)"
1413 Gough St,2314,Perkins,"(39.287355871700001, -76.597432644899996)"
319 Ballou Ct,2315,Perkins,"(39.287110948600002, -76.597126314299999)"
330 Ballou Ct,2316,Perkins,"(39.2868832013, -76.597370629099998)"
326 Dallas Ct,2317,Perkins,"(39.287014668899999, -76.596626179500007)"
336 Mason Ct,2318,Perkins,"(39.2868506334, -76.596044637199995)"
329 Mason Ct,2319,Perkins,"(39.286979638600002, -76.5957165457)"
326 Herring Ct,2320,Perkins,"(39.287065456100002, -76.595261173699996)"
231 Orleans St,2401,PVG,"(39.294578571199999, -76.604043038100002)"
310 Forrest St,2402,PVG,"(39.294542796099996, -76.603084520500005)"
1110 New Hope Cir,2403,PVG,"(39.293739504800001, -76.601852599500006)"
1021 New Hope Cir,2404,PVG,"(39.293245954500001, -76.602703800300006)"
1008 New Hope Cir,2405,PVG,"(39.293911856299999, -76.603234208499998)"
1124 Colvin St,2406,PVG,"(39.292945798600002, -76.601830969000005)"
215 Saint Mathews St,2407,PVG,"(39.293632188799997, -76.603893050799996)"
1100 Colvin St,2408,PVG,"(39.292618239699998, -76.603336866999996)"
SE Corner of N Tot Lot,2409,PVG,"(39.294234879599998, -76.602139996199995)"
NW Corner of S Tot Lot,2410,PVG,"(39.293295260000001, -76.602212902399998)"
SE Corner of W Tot Lot,2411,PVG,"(39.2930222098, -76.603181076499993)"
Courtyard Play Area,2412,PVG,"(39.293431252600001, -76.601326081699995)"
NE Elderly Bldg Central Ave,2413,PVG,"(39.293473126199999, -76.600139368300006)"
NE Community Center,2414,PVG,"(39.293917434000001, -76.601228335399995)"
SE Elderly Bldg CentralAve,2415,PVG,"(39.292853416200003, -76.600115942800002)"
SW Elderly Bldg FayetteSt,2416,PVG,"(39.292815763599997, -76.600696993599996)"
Elderly Bldg Court Yard,2417,PVG,"(39.293000499400002, -76.600684489599999)"
Youth Center Fayette St,2418,PVG,"(39.291816666700001, -76.602983333300003)"
Daycare Center 1106 Fayette St,2419,PVG,"(39.292033634399999, -76.602226701899994)"
Daycare Center Play Area,2420,PVG,"(39.292481495899999, -76.601997844699994)"
NW Senior Center,2421,PVG,"(39.2934769883, -76.600734129800003)"
Greenmount and Madison,2501,Dept of Corrections,"(39.300040108901513, -76.608037511051066)"
Madison and Constitution,2502,Dept of Corrections,"(39.29889728324023, -76.609951448853508)"
Monument and Fallsway,2503,Dept of Corrections,"(39.297164133589519, -76.610634628978289)"
Eager St (Widows Peak),2504,Dept of Corrections,"(39.30137500901742, -76.609774318474194)"
Warden St Lot,2505,Dept of Corrections,"(39.301928097661524, -76.61026027300305)"
Fallsway and Eager,2506,Dept of Corrections,"(39.300916139855531, -76.611037617352324)"
JFX South,2507,Dept of Corrections,"(39.300441691635839, -76.61106079564594)"
JFX North,2508,Dept of Corrections,"(39.299624613118652, -76.611231166926743)"
N Charles St and Center St,2601,Midtown,"(39.296588623907333, -76.615371245613787)"
N Charles St and Madison St,2602,Midtown,"(39.298204874747853, -76.615859643155588)"
N Charles St and Read Ave,2603,Midtown,"(39.299588925174533, -76.615747008035569)"
Park Ave and Read St,2604,Midtown,"(39.300242641434217, -76.61862571161997)"
N Charles St and Eager St,2605,Midtown,"(39.300928290627837, -76.615753753359144)"
N Charles St and Chase St,2606,Midtown,"(39.302116821383819, -76.61592230885968)"
N Charles St and E Biddle St,2607,Midtown,"(39.303319497011273, -76.615908899597272)"
N Charles St and Preston St,2608,Midtown,"(39.304624295025803, -76.616370318828061)"
N Charles St and Mt Royal Ave,2609,Midtown,"(39.305447692495576, -76.616364223213708)"
N Charles St and Lanvale St,2610,Midtown,"(39.308870460173502, -76.61610089033239)"
N Charles St and North Ave,2611,Midtown,"(39.311620738528809, -76.616428653173926)"
N Charles St and 20th St,2612,Midtown,"(39.313036473695789, -76.616610334390259)"
